地面气压(hPa),气温2m(℃),降水量(mm),降雪量(mm),地表温度(℃),露点温度(℃),相对湿度(%),蒸发量(mm),潜在蒸发量(mm),风速10m(m/s),"北向风速(V,m/s)","东向风速(U,m/s)",低层云量(lcc),"总日照强度(down,J/m2)","日照时数(峰值,h)",日期(UTC),年月均降水量,年月均气温,明日气温,明日降水
1025.9,-0.34,0,0,-1.8,-6.66,62.31,-0.5229,-1.421,2.15,1.65,0.7,0,12387817.78,3.44,20210101,46.4,3.2,2.94,0
1026.3,2.94,0,0,1,-3.04,64.78,-0.6193,-1.332,2.52,0.14,-2.41,0.01,12488108.81,3.47,20210102,46.4,3.2,3.64,0
1026.22,3.64,0,0,2.39,-0.29,75.46,-0.6046,-1.264,2.03,-0.41,-1.44,0.12,11299306.98,3.14,20210103,46.4,3.2,5.94,0.06
1025.52,5.94,0.06,0,6.06,2.45,78.27,-0.6346,-1.181,2.03,-1.94,-0.17,0.48,10800287.77,3,20210104,46.4,3.2,2.93,0.74
1029.11,2.93,0.74,0.04,2.95,-0.56,77.78,-0.5373,-0.595,3.06,-2.7,-1.31,0.92,3285882.43,0.91,20210105,46.4,3.2,0.94,0
1029.53,0.94,0,0,1.68,-7.77,52.12,-0.7765,-1.427,3.81,-3.66,-0.09,0.16,8076903.9,2.24,20210106,46.4,3.2,-6.17,0
1035.05,-6.17,0,0,-4.92,-18.29,37.63,-0.7413,-1.578,3.31,-2.85,0.97,0,12577537.55,3.49,20210107,46.4,3.2,-3.79,0
1030.15,-3.79,0,0,-4.01,-15.63,39.29,-0.6242,-1.795,3.11,-0.63,2.89,0,13698490.9,3.81,20210108,46.4,3.2,-1.45,0
1028.16,-1.45,0,0,-2.23,-12.89,41.35,-0.5848,-1.825,2.49,-1.26,1.88,0,13613209.88,3.78,20210109,46.4,3.2,1.04,0
1028.82,1.04,0,0,-0.24,-10.84,40.68,-0.5799,-1.45,1.61,-1,0.25,0,11390760.22,3.16,20210110,46.4,3.2,1.32,0
1025.86,1.32,0,0,-0.11,-12.02,36.28,-0.9761,-2.196,3.98,-0.11,3.39,0,13093062.6,3.64,20210111,46.4,3.2,6.05,0
1015.31,6.05,0,0,4.42,-7.25,37.85,-1.1833,-2.517,4.2,3.59,1.79,0,13698341.41,3.81,20210112,46.4,3.2,7.58,0
1014.19,7.58,0,0,5.09,-1.64,52.02,-1.0663,-2.074,2.44,2.27,0.22,0,13622274.92,3.78,20210113,46.4,3.2,9.64,0
1012.27,9.64,0,0,7.76,-2.13,43.63,-1.0971,-2.198,3.04,2.54,0.19,0,12080575.3,3.36,20210114,46.4,3.2,7.28,0
1020.2,7.28,0,0,6.48,-1.86,52.21,-1.0739,-2.301,3.88,-2.99,-0.97,0.05,13323531.3,3.7,20210115,46.4,3.2,1.92,0.01
1031.1,1.92,0.01,0.01,1.84,-4.74,61.29,-0.5961,-1.392,2.94,-2.34,-1.43,0.01,8768784.33,2.44,20210116,46.4,3.2,1.32,0
1026.99,1.32,0,0,0.98,-6.57,55.68,-0.8505,-1.823,2.37,1.13,1.76,0,13507606.05,3.75,20210117,46.4,3.2,5.9,0
1021.81,5.9,0,0,4.59,-4.11,48.57,-1.0222,-2.073,2.32,1.64,-1.03,0,14265209.21,3.96,20210118,46.4,3.2,7.11,0
1020.04,7.11,0,0,5.86,-2.63,49.93,-1.094,-2.553,3.91,1.3,-3.66,0,14273858.44,3.96,20210119,46.4,3.2,8.99,0.12
1017.81,8.99,0.12,0,8.79,2.07,61.83,-0.9749,-2.048,1.56,-0.31,-0.61,0,12125012.34,3.37,20210120,46.4,3.2,8.27,5.36
1017.35,8.27,5.36,0,7.88,5.71,83.92,-0.4431,-0.61,1.62,-1.09,1.13,0.43,3176037.7,0.88,20210121,46.4,3.2,7.17,12.79
1016.66,7.17,12.79,0,6.97,6.74,97.1,-0.4817,-0.197,2.47,-2.11,-0.9,1,1643892.36,0.46,20210122,46.4,3.2,6.04,0.13
1019.52,6.04,0.13,0,6.16,3.87,85.99,-0.4609,-0.604,2.01,-0.98,-1.44,0.95,4056650.37,1.13,20210123,46.4,3.2,7.31,0.04
1019.49,7.31,0.04,0,7.87,4.52,82.45,-0.8113,-1.565,3.3,0.5,-3.17,0.58,11017110.92,3.06,20210124,46.4,3.2,6.25,3.11
1019.66,6.25,3.11,0,6.17,5.46,94.64,-0.4307,-0.203,3.58,-1.88,2.93,1,1356696.76,0.38,20210125,46.4,3.2,6.07,0.29
1022.2,6.07,0.29,0,5.67,4.36,88.81,-0.3229,-0.464,2.56,-1.6,0.53,0.98,2681845.02,0.74,20210126,46.4,3.2,6.66,1.7
1021.17,6.66,1.7,0,6.6,5.55,92.65,-0.4157,-0.591,2.32,-0.21,0.49,0.77,5585619.39,1.55,20210127,46.4,3.2,4.69,0
1026.99,4.69,0,0,2.99,-3.25,56.36,-1.435,-2.517,3.41,-1.77,0.09,0.01,15256383.3,4.24,20210128,46.4,3.2,5.93,0
1022.72,5.93,0,0,4.22,-3.52,50.69,-1.3385,-2.463,2.67,2.38,-0.75,0,15425780.27,4.28,20210129,46.4,3.2,9.79,0
1020.86,9.79,0,0,8.75,0.83,53.63,-1.1914,-2.025,1.46,1.18,-0.04,0,12272970.71,3.41,20210130,46.4,3.2,9.67,1.29
1018.6,9.67,1.29,0,9.64,4.06,68.07,-1.1948,-2.087,1.63,0.79,1,0.09,11065027.81,3.07,20210131,46.4,3.2,7.39,0
1020.18,7.39,0,0,6.71,4.1,79.61,-0.7329,-1.164,2.33,-0.1,0.67,0.03,7452172.92,2.07,20210201,53.1,5.9,5.95,0
1023.68,5.95,0,0,5.84,2.72,79.73,-0.912,-1.72,2.35,0.99,-2.07,0.09,13997740.2,3.89,20210202,53.1,5.9,9.56,0
1022.05,9.56,0,0,8.69,4.54,70.85,-1.3297,-2.222,2.69,-0.98,-0.34,0.01,15395346.91,4.28,20210203,53.1,5.9,9.12,1.6
1022.45,9.12,1.6,0,9.04,0.55,54.94,-1.6154,-2.767,2.5,0.19,-2.39,0.33,15293121.75,4.25,20210204,53.1,5.9,7.68,0.28
1017.23,7.68,0.28,0,6.99,5.89,88.41,-0.4501,-0.669,2.05,1.21,0.73,0.45,6146990.81,1.71,20210205,53.1,5.9,10.06,0
1016.21,10.06,0,0,9.68,5.91,75.37,-1.3159,-2.185,2.32,1.87,0.2,0.12,14758905.34,4.1,20210206,53.1,5.9,11.31,0.57
1021.48,11.31,0.57,0,11.87,5.39,66.92,-1.5592,-2.147,3.2,-2.32,-1.68,0.1,11809126.08,3.28,20210207,53.1,5.9,5.94,0
1027.95,5.94,0,0,5.69,-1.49,58.84,-1.1858,-2.339,3.32,-0.85,-3.1,0.13,11947759.35,3.32,20210208,53.1,5.9,7.89,0
1021.58,7.89,0,0,7.59,1.87,65.7,-1.1758,-2.308,2.58,0.52,-2.48,0,15610968.37,4.34,20210209,53.1,5.9,9.73,0.42
1019.15,9.73,0.42,0,9.46,5.76,76.26,-0.726,-1.351,1.76,-0.07,-1.69,0,8821282.29,2.45,20210210,53.1,5.9,9.48,0.49
1017.89,9.48,0.49,0,7.98,7.98,90.36,-0.3262,-0.389,2.57,0.48,-2.49,0.5,4027167.72,1.12,20210211,53.1,5.9,11.56,0
1018.3,11.56,0,0,11.27,8.46,81.23,-1.0218,-1.772,2.38,0.81,-2.12,0.57,12125836.83,3.37,20210212,53.1,5.9,13.36,0.13
1015.36,13.36,0.13,0,12.62,10.07,80.45,-1.2213,-2.19,2.01,1.05,-1.39,0.19,14050203.38,3.9,20210213,53.1,5.9,12.6,0.5
1012.98,12.6,0.5,0,10.46,8.21,74.6,-1.3495,-2.458,2.79,-1.44,1.85,0.08,12809284.14,3.56,20210214,53.1,5.9,8.16,0.02
1017.95,8.16,0.02,0,7.38,4.63,78.42,-0.5013,-1.016,2.46,-1.72,-1.41,0.38,5955527.43,1.65,20210215,53.1,5.9,9.29,0
1019.63,9.29,0,0,8.84,2.02,60.43,-1.6312,-2.923,2.59,-1.49,-0.64,0,17211284.5,4.78,20210216,53.1,5.9,5.88,0
1026.67,5.88,0,0,5.65,-1.52,58.99,-1.3123,-2.5,2.2,-0.47,-1.95,0,17569544.59,4.88,20210217,53.1,5.9,8.19,0
1024.52,8.19,0,0,7.86,-1.32,51.09,-1.5077,-2.9,2.38,1.96,-0.9,0,17895571,4.97,20210218,53.1,5.9,14.47,0
1015.17,14.47,0,0,12.83,3.23,46.76,-1.9765,-3.897,3.72,3.04,1.99,0,17915877.49,4.98,20210219,53.1,5.9,17.51,0
1010.87,17.51,0,0,15.44,4.03,40.72,-2.3112,-4.551,4.05,3.55,1.69,0,18128076.38,5.04,20210220,53.1,5.9,17.94,0
1008.64,17.94,0,0,15.82,6.44,46.87,-2.2016,-4.315,3.35,2.93,1.2,0,18377230.15,5.1,20210221,53.1,5.9,14.9,0
1017.07,14.9,0,0,14.98,4.15,48.51,-2.2091,-4.354,4.78,-1.73,-3.54,0.01,17913359.82,4.98,20210222,53.1,5.9,10.36,0
1018.07,10.36,0,0,10.92,1.74,55.09,-1.4465,-3.528,5.61,-0.26,-5.54,0.03,16649905.86,4.62,20210223,53.1,5.9,10.62,7.34
1013.3,10.62,7.34,0,11.37,5.78,71.96,-1.392,-2.656,3.93,-1.17,-3.06,0.32,14460205.04,4.02,20210224,53.1,5.9,6.62,8.7
1015.59,6.62,8.7,0,6.23,5.55,92.86,-1.0846,-0.27,4.74,-4.51,-0.86,1,1256370.64,0.35,20210225,53.1,5.9,6.23,8.17
1019.43,6.23,8.17,0,5.53,5.38,94.32,-0.9665,-0.266,3.34,-2.96,-1.53,0.83,1610979.23,0.45,20210226,53.1,5.9,9.98,0.07
1018.74,9.98,0.07,0,9.08,7.64,85.36,-0.7456,-1.11,1.97,0.17,-1.78,0.8,7382413.42,2.05,20210227,53.1,5.9,11.67,8.17
1014.08,11.67,8.17,0,11.92,10.29,91.23,-1.0826,-1.364,2.7,0.35,-0.2,0.87,8831226.03,2.45,20210228,53.1,5.9,6.19,5.95
1022.9,6.19,5.95,0,5.61,5.52,95.44,-0.8506,-0.172,4.41,-3.81,2.12,0.8,1081401.24,0.3,20210301,66.6,10.9,7.55,0
1025.67,7.55,0,0,8.26,0.98,63.05,-1.86,-2.817,2.35,0.27,-2.17,0.09,19535054.7,5.43,20210302,66.6,10.9,8.05,0
1019.08,8.05,0,0,8.53,3.1,70.92,-1.4199,-2.359,2.9,2.32,-1.32,0,12714487.4,3.53,20210303,66.6,10.9,11.68,0
1016.84,11.68,0,0,11.32,6.45,70.24,-2.0386,-3.068,1.95,1.26,-1.17,0,19895875.72,5.53,20210304,66.6,10.9,11.26,5.43
1016.03,11.26,5.43,0,11.62,8.33,82.16,-1.702,-1.646,4.3,-0.51,-3.49,0.14,8745361.62,2.43,20210305,66.6,10.9,6.27,2.36
1025.71,6.27,2.36,0,6.07,4,85.41,-1.2423,-0.565,4.28,-3.29,-2.62,0.49,2512434.13,0.7,20210306,66.6,10.9,6.9,0
1025.54,6.9,0,0,6.93,2.12,71.57,-1.3548,-2.049,1.87,-0.48,-1.54,0.4,12381985.78,3.44,20210307,66.6,10.9,8.28,7.32
1021.89,8.28,7.32,0,8.43,7,91.6,-0.5765,-0.673,2.4,-0.44,-0.1,0.97,4299990.59,1.19,20210308,66.6,10.9,9.81,0.03
1023.98,9.81,0.03,0,9.81,7.81,87.35,-0.6688,-0.922,1.67,-0.64,-0.73,0.95,6434831.98,1.79,20210309,66.6,10.9,11.85,6.43
1020.94,11.85,6.43,0,11.88,7.56,74.96,-1.8238,-2.371,3.31,0.57,-3.21,0.87,11914089.45,3.31,20210310,66.6,10.9,9.15,2.24
1020.2,9.15,2.24,0,8.74,8.02,92.65,-0.4097,-0.333,2.08,-1.71,0.81,0.79,2170983.61,0.6,20210311,66.6,10.9,10.49,0
1022.03,10.49,0,0,11.12,6.29,75.19,-1.6643,-2.422,1.56,-0.3,-1.32,0.69,14480542.23,4.02,20210312,66.6,10.9,11.52,0.59
1018.42,11.52,0.59,0,11.17,8.07,79.32,-1.2615,-1.828,1.84,0.08,-1.54,0.53,10815791.87,3,20210313,66.6,10.9,16.18,0.9
1011.22,16.18,0.9,0,15.64,10.57,69.35,-2.555,-3.708,3.27,2.65,-1.83,0.07,20784064.7,5.77,20210314,66.6,10.9,16.29,16.35
1009.97,16.29,16.35,0,16.19,14.88,91.35,-2.0514,-1.584,3.19,-0.99,-1.43,0.8,9596455.94,2.67,20210315,66.6,10.9,13.08,3.59
1015.39,13.08,3.59,0,12.89,8.14,71.94,-1.7347,-2.116,4.37,-1.67,-3.94,0.98,8872355.46,2.46,20210316,66.6,10.9,9.94,5.33
1015.25,9.94,5.33,0,10.08,5.42,73.48,-1.3186,-1.179,3.66,-0.57,-3.6,0.98,4153851.5,1.15,20210317,66.6,10.9,10.23,7.46
1014.29,10.23,7.46,0,10.66,6.99,80.34,-1.441,-1.413,3.01,-2.04,-1.85,1,6054599.03,1.68,20210318,66.6,10.9,8.95,4.25
1013.86,8.95,4.25,0,8.78,7.89,93.05,-0.7728,-0.377,3.18,-2.54,0.9,1,2118447.58,0.59,20210319,66.6,10.9,10.27,0.7
1018.5,10.27,0.7,0,9.63,6.37,76.74,-1.3965,-1.79,3.08,-2.53,1.7,0.66,9308719.57,2.59,20210320,66.6,10.9,9.82,0
1025.31,9.82,0,0,8.79,1.44,55.92,-2.7621,-3.887,3.02,-2.53,1.23,0,18908273.85,5.25,20210321,66.6,10.9,10.92,0
1023.45,10.92,0,0,10.16,-0.26,45.94,-3.1293,-4.189,2.19,1.46,0.88,0,23778170.46,6.61,20210322,66.6,10.9,14.74,0.1
1014.86,14.74,0.1,0,13.38,3.54,46.97,-3.263,-4.497,3.12,3.06,-0.01,0,22104997.85,6.14,20210323,66.6,10.9,15.24,0
1015.65,15.24,0,0,13.42,7.23,58.77,-3.1552,-4.212,2.22,1.4,-1.53,0,23102492.82,6.42,20210324,66.6,10.9,18.04,0
1015.13,18.04,0,0,16.08,7.62,50.52,-3.4838,-4.855,3.82,1.8,-3.31,0,23045604.24,6.4,20210325,66.6,10.9,18.18,13.11
1008.2,18.18,13.11,0,18.31,12.65,70.09,-3.6747,-4.897,3.08,0.54,0.45,0.35,22180777.16,6.16,20210326,66.6,10.9,14.69,0.04
1006.65,14.69,0.04,0,13.49,12.14,84.67,-1.5486,-2.068,2.6,-0.03,1.84,0.5,9961830.25,2.77,20210327,66.6,10.9,18.96,0
1004.65,18.96,0,0,17.8,13.04,68.53,-3.4185,-4.516,2.94,2.66,-0.35,0.03,23478828.24,6.52,20210328,66.6,10.9,19.63,0.27
1002.92,19.63,0.27,0,19.26,12.43,63.15,-3.4366,-4.478,3.4,-0.71,-2.46,0.03,20995591.88,5.83,20210329,66.6,10.9,16.16,8.75
1004.8,16.16,8.75,0,15.87,11.82,75.44,-2.7154,-2.622,5.35,-0.07,-5.31,0.48,11618590.35,3.23,20210330,66.6,10.9,13.55,8.54
1004.58,13.55,8.54,0,14.04,12.19,91.5,-1.2908,-1.078,3.62,-1.98,-2.7,1,5720516.97,1.59,20210331,66.6,10.9,13.15,0.64
1008.69,13.15,0.64,0,13.16,12.12,93.48,-0.7391,-0.641,2.47,-2.24,-0.6,1,3395574.72,0.94,20210401,97.2,17.2,13.61,1.96
1011.99,13.61,1.96,0,13.79,12.21,91.27,-1.6064,-1.514,3.03,-2.33,1.83,1,8437108.99,2.34,20210402,97.2,17.2,11.65,0.76
1018.04,11.65,0.76,0,11.34,9.27,85.27,-1.0861,-0.797,4.11,-3.6,1.02,0.99,3765122.3,1.05,20210403,97.2,17.2,11.88,0
1022.03,11.88,0,0,11.28,2.16,51.3,-3.5642,-4.794,3.03,-2.07,-1.78,0.02,23427475.55,6.51,20210404,97.2,17.2,13.18,0
1019.1,13.18,0,0,12.38,4.05,53.86,-2.062,-2.762,1.87,-0.18,-0.9,0.02,12525789.96,3.48,20210405,97.2,17.2,16.33,0.18
1018.7,16.33,0.18,0,15.64,7.28,55,-2.9897,-3.833,1.25,-0.23,-0.58,0,20279463.38,5.63,20210406,97.2,17.2,11.9,13.3
1018.1,11.9,13.3,0,10.95,9.42,84.75,-1.4916,-0.77,2.75,-0.55,-2.48,0.06,4075970.4,1.13,20210407,97.2,17.2,13.4,0
1019.66,13.4,0,0,11.85,7.52,67.54,-2.6641,-3.49,2.62,-0.5,-2.34,0.16,17949808.24,4.99,20210408,97.2,17.2,15.33,0
1021.04,15.33,0,0,13.86,4.3,47.72,-4.1047,-5.395,3.61,0.33,-3.59,0,25660472.95,7.13,20210409,97.2,17.2,16.37,0
1020.21,16.37,0,0,15.56,7.15,54.38,-3.7384,-5.029,4.28,0.85,-4.17,0,23432018.8,6.51,20210410,97.2,17.2,14.81,2.45
1016.27,14.81,2.45,0,14.43,13.08,89.4,-0.5751,-0.668,1.89,0.55,-0.48,0.74,3445462.71,0.96,20210411,97.2,17.2,15.72,0
1013.99,15.72,0,0,14.84,12.53,81.35,-1.9519,-2.482,1.93,-0.13,1.57,0.55,12277218.16,3.41,20210412,97.2,17.2,16.84,1.95
1016.32,16.84,1.95,0,17.07,12.3,74.61,-2.9293,-3.341,3.24,-1.3,-2.86,0.47,15490495.12,4.3,20210413,97.2,17.2,13.34,0.69
1015.71,13.34,0.69,0,12.85,8.46,72.29,-1.8809,-2.11,3.26,0.47,-3.13,0.29,10292049.42,2.86,20210414,97.2,17.2,16.87,0
1011.44,16.87,0,0,16.55,12.31,74.46,-2.8928,-3.72,2.15,1.52,-0.1,0.03,20481695.59,5.69,20210415,97.2,17.2,17.47,0
1014.4,17.47,0,0,16.08,12.4,72.12,-2.8375,-3.599,2.31,-1.04,1.52,0,19070356.24,5.3,20210416,97.2,17.2,15.19,0
1019.84,15.19,0,0,14.25,5.05,50.72,-4.1175,-5.505,2.71,-2.25,-0.55,0,25921250.8,7.2,20210417,97.2,17.2,15.15,0
1016.09,15.15,0,0,13.07,4.77,49.86,-2.8314,-3.843,1.53,0.44,-1.38,0,18376899.93,5.1,20210418,97.2,17.2,20.33,0.76
1011.58,20.33,0.76,0,19.25,9.76,50.62,-3.9345,-5.274,2.68,1.02,-2.45,0,24666092.03,6.85,20210419,97.2,17.2,19.28,4.75
1010,19.28,4.75,0,18.94,14.13,72.11,-2.1363,-2.458,3.4,0.6,-3.27,0.13,9618919.5,2.67,20210420,97.2,17.2,19.1,12.15
1008.83,19.1,12.15,0,18.64,17.03,87.78,-2.1703,-2.128,2.24,0.84,-1.41,0.76,10674025.2,2.97,20210421,97.2,17.2,17.5,1.42
1009.11,17.5,1.42,0,17.86,15.88,90.24,-0.8496,-0.818,2.96,-2.19,1.83,1,4548558.19,1.26,20210422,97.2,17.2,18.75,0.04
1011.09,18.75,0.04,0,18.86,14.35,75.63,-2.3392,-3.061,2.43,-2.02,-0.68,0.78,13600003.22,3.78,20210423,97.2,17.2,16.18,1.05
1014.73,16.18,1.05,0,16.23,12.9,80.91,-1.662,-2.098,3.5,-2.95,-1.54,0.52,8373666.56,2.33,20210424,97.2,17.2,16.1,0.69
1016.41,16.1,0.69,0,15.94,13.87,86.6,-0.9831,-1.167,1.9,-1.69,0.52,0.96,5268372.44,1.46,20210425,97.2,17.2,16.68,3.51
1014.28,16.68,3.51,0,15.88,14.95,89.53,-1.0119,-1.009,2,-1.74,0.88,0.77,5417075.22,1.5,20210426,97.2,17.2,17.43,0
1014.7,17.43,0,0,16.45,13.87,79.58,-2.4255,-3.006,1.85,-0.53,1.1,0.35,16063310.88,4.46,20210427,97.2,17.2,18.89,0
1012.86,18.89,0,0,17.51,11.69,62.96,-3.6018,-4.59,2.71,-0.44,1.96,0,21468316.76,5.96,20210428,97.2,17.2,22.84,0
1003.57,22.84,0,0,20.52,12.35,51.57,-5.1711,-7.168,4.34,3.11,2.3,0,27056415.04,7.52,20210429,97.2,17.2,24.43,1.1
1002.9,24.43,1.1,0,22.26,14.27,53.11,-4.7394,-6.307,4.06,0.26,1.88,0,24911568.34,6.92,20210430,97.2,17.2,21.24,0
1009.93,21.24,0,0,20.59,8.3,43.37,-4.6745,-6.328,3.24,-0.21,-2.55,0,27262925.11,7.57,20210501,95.5,22.2,19.25,0
1012.97,19.25,0,0,18.67,6.08,42.14,-4.6233,-7.324,5.45,0.09,-5.33,0,26483551.98,7.36,20210502,95.5,22.2,21.58,26.03
1004.14,21.58,26.03,0,22.31,16.49,72.78,-4.0777,-5.375,4.63,3.04,0.17,0.37,21056030.46,5.85,20210503,95.5,22.2,17.85,0.05
1010.65,17.85,0.05,0,16.25,13.48,75.6,-1.8708,-2.339,3.49,-2.45,2.11,0.34,8936110.29,2.48,20210504,95.5,22.2,21.54,0
1012.61,21.54,0,0,20.59,10.71,50.1,-4.9487,-6.297,2.37,2.04,-0.7,0,26654936.38,7.4,20210505,95.5,22.2,20.31,0
1008.27,20.31,0,0,19.29,14.53,69.38,-2.1986,-3.03,3.6,3.12,0.96,0,11037132.35,3.07,20210506,95.5,22.2,22.16,0
1007.35,22.16,0,0,20.4,14.61,62.28,-4.1843,-5.606,1.95,-1.07,0.6,0.01,26652240.7,7.4,20210507,95.5,22.2,25.76,0
1002.76,25.76,0,0,24.58,18.7,65.03,-4.3341,-5.828,2.8,2.59,0.52,0,26455018.92,7.35,20210508,95.5,22.2,27.35,0
1002.05,27.35,0,0,26.03,19.94,63.99,-4.494,-6.281,3.09,3.05,-0.29,0,26943678.03,7.48,20210509,95.5,22.2,26.2,7
1001.01,26.2,7,0,26.78,21.52,75.42,-4.0483,-5.408,1.83,0.91,-0.37,0.12,22452440.08,6.24,20210510,95.5,22.2,18.2,8.09
1004.65,18.2,8.09,0,19,17.26,94.27,-1.3567,-0.862,2.42,-2.07,-0.83,0.42,4465644.71,1.24,20210511,95.5,22.2,20.83,0.13
1005.3,20.83,0.13,0,21.73,18.16,84.69,-2.1538,-2.735,1.73,0.24,-1.32,0.88,12364590.51,3.43,20210512,95.5,22.2,23.73,15.93
1003.41,23.73,15.93,0,23.72,21.32,86.36,-2.34,-2.813,2.43,1.17,-1.99,0.44,12069232.52,3.35,20210513,95.5,22.2,26.12,10.57
999.77,26.12,10.57,0,25.54,23.49,85.47,-2.7235,-3.021,3.45,2.99,-0.69,0.17,13472851.83,3.74,20210514,95.5,22.2,24.54,27.57
998.15,24.54,27.57,0,24.93,22.59,88.87,-2.603,-2.785,3.12,1.49,0.9,0.44,11669505.96,3.24,20210515,95.5,22.2,15.22,1.73
1008.59,15.22,1.73,0,15.74,13.3,88.32,-1.604,-1.357,4.54,-3.41,2.97,0.75,4948235.93,1.37,20210516,95.5,22.2,19.03,0.16
1010.22,19.03,0.16,0,19.95,13.74,71.4,-3.6701,-4.508,1.62,-0.97,0.71,0.38,21771070.06,6.05,20210517,95.5,22.2,20.13,0
1007.63,20.13,0,0,19.42,15.48,74.62,-2.361,-2.892,1.5,0.95,-0.73,0.25,13925179.63,3.87,20210518,95.5,22.2,18.39,7.93
1004.67,18.39,7.93,0,18.54,17.1,92.17,-1.3798,-1.103,1.99,-0.7,-0.9,0.68,6214474.68,1.73,20210519,95.5,22.2,20.72,0
1005.62,20.72,0,0,20.29,17.08,79.63,-2.702,-3.271,1.99,0.76,-0.35,0.31,15640124.15,4.34,20210520,95.5,22.2,23.84,0.01
1004.91,23.84,0.01,0,23.92,18.68,72.83,-4.29,-5.275,2.18,1.31,-1.48,0.02,24741229.65,6.87,20210521,95.5,22.2,24.95,10.77
1003.71,24.95,10.77,0,24.19,18.63,67.96,-4.7808,-5.588,3.17,0.95,-2.95,0.04,23233319.89,6.45,20210522,95.5,22.2,21.71,0.03
1007.87,21.71,0.03,0,20.76,18.58,82.37,-1.816,-2.141,2.54,-1.93,1.19,0.1,9245270.38,2.57,20210523,95.5,22.2,23.63,0
1008.65,23.63,0,0,22.81,17.52,68.57,-4.1668,-5.023,2.33,0.65,1.57,0.09,23504856.03,6.53,20210524,95.5,22.2,24.02,7.65
1006.25,24.02,7.65,0,23.55,16.73,63.72,-4.8633,-5.518,1.76,-0.36,-0.81,0.08,23801454.58,6.61,20210525,95.5,22.2,20.05,9.38
1002.18,20.05,9.38,0,18.95,19.34,95.73,-0.8921,-0.578,1.63,0.55,0.48,0.22,4464048.02,1.24,20210526,95.5,22.2,24.3,0
1002.05,24.3,0,0,23.89,19.78,75.9,-4.3307,-5.173,3.21,2.9,0.92,0.01,24170298.4,6.71,20210527,95.5,22.2,25.22,0
1004.31,25.22,0,0,23.66,18.22,65.16,-4.8476,-5.922,2.52,0.25,1,0.02,24835546.72,6.9,20210528,95.5,22.2,25.15,0
1001.91,25.15,0,0,24.32,19.84,72.41,-4.2894,-5.232,2.33,1.93,0.69,0,23480777.62,6.52,20210529,95.5,22.2,26.73,0
1001.77,26.73,0,0,25.35,20.81,69.99,-4.7425,-5.73,2.11,1.86,-0.93,0,26783336.54,7.44,20210530,95.5,22.2,27.68,0
1001.89,27.68,0,0,26.33,20.82,66.24,-4.7921,-5.936,2.47,1.04,-2.13,0,24442034.7,6.79,20210531,95.5,22.2,27.66,0.01
1002.01,27.66,0.01,0,26.56,21.34,68.49,-4.4065,-5.568,2.09,0.84,-1.83,0.04,22908430.13,6.36,20210601,145.8,25.7,27.77,0.82
1000.56,27.77,0.82,0,27.67,23.55,77.83,-4.1067,-5.246,2.46,1.58,-1.01,0.07,22323485.62,6.2,20210602,145.8,25.7,21.4,7.22
1004.45,21.4,7.22,0,20.61,18.79,85.08,-1.6529,-1.538,2.79,-1.08,0.87,0.15,5708154.99,1.59,20210603,145.8,25.7,24.05,0
1001.85,24.05,0,0,22.78,16.3,61.89,-5.3594,-6.631,2.69,1.68,1.78,0,28085004.06,7.8,20210604,145.8,25.7,27.01,0
999.64,27.01,0,0,25.03,16.84,53.73,-5.6628,-7.391,3.33,3.25,0.38,0,29115094.07,8.09,20210605,145.8,25.7,28.2,0
1002.65,28.2,0,0,26.24,16.93,50.41,-5.624,-7.67,3.56,3.42,-0.94,0,28882764.48,8.02,20210606,145.8,25.7,28.55,0
1005.09,28.55,0,0,26.63,17.53,51.3,-5.066,-7.076,3.04,1.62,-2.31,0,25502781.11,7.08,20210607,145.8,25.7,27.54,0
1005.12,27.54,0,0,26.41,20.5,65.48,-3.9319,-5.742,2.18,0.7,-1.98,0,22977538.63,6.38,20210608,145.8,25.7,28.97,0.05
1003.38,28.97,0.05,0,28.93,22.63,68.63,-4.0031,-5.82,1.46,0.22,-1.28,0.01,22809879.9,6.34,20210609,145.8,25.7,26.48,1.3
1003.66,26.48,1.3,0,25.49,23.46,83.5,-2.478,-3.481,0.86,0.51,-0.37,0.08,14871217.86,4.13,20210610,145.8,25.7,28.82,0.32
1005.79,28.82,0.32,0,28.63,22.71,69.62,-3.5975,-5.295,1.95,0.93,-1.56,0.05,20594234.25,5.72,20210611,145.8,25.7,27.44,41
1005.72,27.44,41,0,27.59,24.49,83.96,-2.8378,-3.832,2.28,1.4,-1.52,0.02,15289456.05,4.25,20210612,145.8,25.7,26.44,9.72
1001.44,26.44,9.72,0,25.62,24.92,91.4,-1.7632,-1.394,3.4,2.8,-1.71,0.22,7242365.61,2.01,20210613,145.8,25.7,30.56,1.29
995.24,30.56,1.29,0,29.36,26.02,76.76,-3.817,-4.571,3.89,3.74,0.55,0.02,17203025.79,4.78,20210614,145.8,25.7,29.14,19.22
995.83,29.14,19.22,0,29.11,25.67,81.61,-4.5031,-4.851,2.57,-0.46,0.05,0.19,19256299.16,5.35,20210615,145.8,25.7,25.93,2.93
999.69,25.93,2.93,0,26.64,23.82,88.13,-2.7768,-3.046,2.83,-0.35,-2.69,0.66,12253598.29,3.4,20210616,145.8,25.7,25.71,0.59
1000.98,25.71,0.59,0,26.51,23.17,85.9,-3.0962,-3.531,2.64,-2.25,1.25,0.96,13811804.33,3.84,20210617,145.8,25.7,22.22,11.38
1001.47,22.22,11.38,0,21.79,19.85,86.44,-1.6858,-1.455,1.74,-1.52,0.76,0.6,4773571.51,1.33,20210618,145.8,25.7,22.23,14.6
1000.17,22.23,14.6,0,21.9,19.72,85.7,-1.8527,-1.821,0.99,0.38,-0.29,0.03,8487768.93,2.36,20210619,145.8,25.7,25.15,0
999.93,25.15,0,0,24.26,20.33,74.65,-3.9938,-4.549,1.52,0.86,-0.99,0.02,20835341.98,5.79,20210620,145.8,25.7,25.85,0
1001.51,25.85,0,0,24.32,18.44,63.65,-5.7743,-6.628,2.52,0.5,-2.38,0,27496618.67,7.64,20210621,145.8,25.7,26.81,0
1004.46,26.81,0,0,24.87,18.57,60.64,-5.9838,-6.88,2.44,0.27,-2.39,0,28892568.39,8.03,20210622,145.8,25.7,28.46,0
1005.11,28.46,0,0,26.33,18.48,54.76,-6.1026,-7.17,3.1,0.78,-2.98,0,27729053.01,7.7,20210623,145.8,25.7,29.3,0
1002.73,29.3,0,0,27.88,20.34,58.55,-5.8977,-7.08,2.89,1.5,-2.43,0,26933251.02,7.48,20210624,145.8,25.7,25.87,5.13
1001.51,25.87,5.13,0,24.33,22.48,81.6,-3.1838,-3.537,2.61,1.27,-2.02,0.14,13278574.8,3.69,20210625,145.8,25.7,25.61,31.76
1000.38,25.61,31.76,0,24.83,24.5,93.59,-1.5532,-1.32,2.02,0.47,-1.65,0.08,6739638.13,1.87,20210626,145.8,25.7,25.69,12.65
998.93,25.69,12.65,0,24.66,24.78,94.7,-1.3455,-1.01,1.93,-0.73,-1.57,0.17,6533667.12,1.81,20210627,145.8,25.7,27.77,0.12
999.52,27.77,0.12,0,26.98,23.7,78.53,-4.8862,-5.396,2.36,-0.53,-2.12,0.11,22954240.19,6.38,20210628,145.8,25.7,28.67,0.22
998.88,28.67,0.22,0,27.87,24.21,76.85,-5.0688,-5.635,2.36,0.42,-2.3,0.04,24001886.53,6.67,20210629,145.8,25.7,28.35,0.32
999.29,28.35,0.32,0,27.85,24.53,79.79,-3.3537,-3.696,2.6,0.49,-2.44,0.04,15593731.18,4.33,20210630,145.8,25.7,27.77,0.2
999.12,27.77,0.2,0,27.05,24.13,80.57,-4.5514,-5.132,3.24,1.13,-2.96,0.1,20803226.05,5.78,20210701,180.8,28.9,25.88,54.54
997.46,25.88,54.54,0,25.18,25.04,95.14,-2.027,-1.454,3.85,2.45,-1.29,0.39,6517541.19,1.81,20210702,180.8,28.9,25.74,15.97
1000.26,25.74,15.97,0,25.29,23.14,85.58,-3.7293,-3.827,2.79,-0.14,1.32,0.2,15292738.51,4.25,20210703,180.8,28.9,23.76,28.35
1003.3,23.76,28.35,0,22.89,22.99,95.43,-1.8565,-1.22,2.03,-0.44,-1.69,0.6,5762640.64,1.6,20210704,180.8,28.9,25.71,20.33
1002.4,25.71,20.33,0,26.41,24.9,95.28,-1.2002,-1.045,1.1,-0.03,-0.29,0.48,6321145.3,1.76,20210705,180.8,28.9,28.51,2.33
1001.75,28.51,2.33,0,28.18,26.23,87.45,-2.6725,-2.746,1.17,0.16,-0.49,0.34,12603675.19,3.5,20210706,180.8,28.9,27.98,10.89
1002.96,27.98,10.89,0,28.1,26.2,90.1,-3.5079,-3.536,1.48,0.55,0.27,0.24,16209237.77,4.5,20210707,180.8,28.9,25.77,5.59
1002.98,25.77,5.59,0,25.13,24.34,91.84,-1.6794,-1.424,2.07,1.79,0.52,0.2,7502839.99,2.08,20210708,180.8,28.9,29.76,3.72
1001.73,29.76,3.72,0,28.86,25.95,80.03,-4.5618,-4.65,3.38,3.3,0.24,0.04,19352431,5.38,20210709,180.8,28.9,30.64,0.74
1002.85,30.64,0.74,0,29.63,26.54,78.78,-4.4326,-4.619,3.37,3.26,-0.01,0.01,18521605.66,5.14,20210710,180.8,28.9,31.73,0
1001.83,31.73,0,0,30.28,25.35,68.99,-6.0993,-6.502,5.3,5.27,-0.08,0,21401619.2,5.94,20210711,180.8,28.9,31.25,0.01
998.83,31.25,0.01,0,29.26,24.62,67.89,-5.5482,-5.932,5.53,5.51,0.42,0,18219177.66,5.06,20210712,180.8,28.9,30.99,0.37
998.84,30.99,0.37,0,29.33,25.33,71.9,-5.5276,-5.864,4.5,4.45,0.03,0.04,19020386.94,5.28,20210713,180.8,28.9,32.32,0.02
1001.17,32.32,0.02,0,30.42,25.7,68.16,-6.4131,-6.927,3.79,3.74,-0.34,0.01,23869026.77,6.63,20210714,180.8,28.9,30.78,2.15
1003.41,30.78,2.15,0,30.3,25.31,72.68,-6.2912,-6.68,2.97,2.28,-1.38,0,23544803,6.54,20210715,180.8,28.9,28.1,38.38
1003.25,28.1,38.38,0,28.13,25.11,83.85,-2.8646,-2.665,2.95,1.85,-2.12,0.08,10003558.04,2.78,20210716,180.8,28.9,24.97,54.32
1001.65,24.97,54.32,0,24.68,23.92,93.88,-1.1337,-0.554,3.49,2.66,-2.13,0.15,2608828.2,0.72,20210717,180.8,28.9,26.76,12.25
1001.68,26.76,12.25,0,25.83,24.69,88.47,-2.7649,-2.208,2.73,1.47,-2.07,0.07,10842850.21,3.01,20210718,180.8,28.9,28.61,1.61
1002.9,28.61,1.61,0,27.84,25.62,83.93,-4.3882,-4.347,2.68,0.93,-2.47,0.05,18475586.98,5.13,20210719,180.8,28.9,30.3,0.42
1003.48,30.3,0.42,0,28.86,25.77,76.79,-5.7579,-5.985,4.27,1.48,-3.96,0.04,23483458.41,6.52,20210720,180.8,28.9,29.04,0.01
1003.46,29.04,0.01,0,27.61,24.01,74.36,-5.4771,-5.803,4.76,0.75,-4.66,0.03,21428101,5.95,20210721,180.8,28.9,29.09,0.2
1002.42,29.09,0.2,0,27.49,24.59,76.75,-4.6975,-4.961,4.08,-0.73,-3.88,0.25,18103827.15,5.03,20210722,180.8,28.9,28.98,0.61
1001.7,28.98,0.61,0,27.12,24.49,76.74,-5.0938,-5.366,4.05,-1.63,-3.58,0.1,20280394.41,5.63,20210723,180.8,28.9,27.77,5.44
1000.46,27.77,5.44,0,26.56,24.44,82.11,-3.0947,-2.974,3.61,-2.81,-2.04,0.09,11889430.43,3.3,20210724,180.8,28.9,28.04,2.81
996.93,28.04,2.81,0,26.45,24.36,80.42,-4.1824,-3.951,4.65,-4.5,-0.02,0.33,14464452.75,4.02,20210725,180.8,28.9,27.07,14.3
991.76,27.07,14.3,0,26.36,25.22,89.63,-3.246,-2.435,6.28,-6.19,0.74,0.63,8717106.41,2.42,20210726,180.8,28.9,25.64,53.38
987.43,25.64,53.38,0,24.77,25.12,96.95,-1.7684,-0.611,6.16,-4.11,2.97,0.97,2230403.78,0.62,20210727,180.8,28.9,25.16,1.5
989.14,25.16,1.5,0,23.93,23.05,88.07,-1.8506,-0.929,5.97,3.68,4.61,1,2608540.37,0.72,20210728,180.8,28.9,26.42,0.16
995.5,26.42,0.16,0,25.01,23.15,82.21,-3.8894,-4.122,3.18,-0.12,2.93,0.27,14885678.12,4.13,20210729,180.8,28.9,29.56,0.03
995.3,29.56,0.03,0,28.03,25.18,77.37,-5.336,-5.653,2.08,1.81,-0.83,0.02,24116926.99,6.7,20210730,180.8,28.9,30.66,0.34
994.54,30.66,0.34,0,29.13,26.12,76.81,-5.0326,-5.254,1.37,0.83,-0.85,0.03,23044549.31,6.4,20210731,180.8,28.9,30.93,0.42
995.29,30.93,0.42,0,29.49,26.02,75.15,-5.4202,-5.682,2.01,0.39,-1.89,0.01,23677776.13,6.58,20210801,162.9,27.9,30.55,0.01
998.19,30.55,0.01,0,28.91,25.41,74.07,-5.4077,-5.754,2.6,-1.18,-2.25,0.07,22844848.88,6.35,20210802,162.9,27.9,29.86,0.24
1000.54,29.86,0.24,0,28.54,25.49,77.47,-5.1464,-5.521,3.52,-1.69,-3.06,0.21,20795907.39,5.78,20210803,162.9,27.9,30.13,1.44
999.28,30.13,1.44,0,28.52,25.79,77.62,-4.688,-4.882,4.15,-0.23,-4.1,0.15,18187620.28,5.05,20210804,162.9,27.9,29.75,0.62
997.7,29.75,0.62,0,28.53,25.6,78.48,-4.1904,-4.554,3.53,-0.46,-3.38,0.18,16909434.04,4.7,20210805,162.9,27.9,29.97,0.34
997.81,29.97,0.34,0,28.35,25.14,75.37,-4.699,-5.189,2.98,-1.06,-2.7,0.13,19404688.82,5.39,20210806,162.9,27.9,29.34,0.53
1000.44,29.34,0.53,0,27.91,25.05,77.74,-3.7518,-4.129,2.31,-1.1,-1.95,0.06,16471658.28,4.58,20210807,162.9,27.9,29.71,0.39
1001.75,29.71,0.39,0,28.57,24.31,72.8,-4.9598,-5.432,1.61,0.1,-1.51,0.03,22308745.91,6.2,20210808,162.9,27.9,27.44,1.56
1001.61,27.44,1.56,0,26.1,23.4,78.64,-2.2717,-2.412,2.48,-1.15,-2.03,0,7317802.84,2.03,20210809,162.9,27.9,27.74,11.69
1001.99,27.74,11.69,0,27.63,25.64,88.33,-3.8285,-3.909,2,0.1,-1.92,0.09,16895607.21,4.69,20210810,162.9,27.9,27.19,11.59
1004.27,27.19,11.59,0,25.92,25.52,90.56,-2.1323,-1.807,2.49,0.18,-2.34,0.34,7713266.48,2.14,20210811,162.9,27.9,25.66,14.56
1003.43,25.66,14.56,0,24.89,23.72,89.02,-2.1643,-1.514,3.31,-1.77,-2.71,0.1,5072882.78,1.41,20210812,162.9,27.9,22.95,34.4
1002.46,22.95,34.4,0,22.43,21.98,94.28,-2.0093,-0.849,4.21,-3.65,-1.94,0.27,2965989.89,0.82,20210813,162.9,27.9,24.68,0.5
1005.33,24.68,0.5,0,23.78,22.67,88.6,-1.9729,-1.844,2.41,-1.19,-2.01,0.24,7432808.76,2.06,20210814,162.9,27.9,25.07,3.21
1007.95,25.07,3.21,0,24.47,23.53,91.17,-2.0074,-1.92,1.79,-0.58,-1.58,0.68,8454968.18,2.35,20210815,162.9,27.9,25.05,4.76
1008.55,25.05,4.76,0,23.89,23.68,92.15,-1.634,-1.486,1.28,-0.72,-0.62,0.31,7502928.43,2.08,20210816,162.9,27.9,27,0.34
1007.11,27,0.34,0,25.35,23.39,80.64,-3.9933,-4.119,1.82,-0.81,-1.53,0.21,17865735.8,4.96,20210817,162.9,27.9,28.04,0.14
1005.5,28.04,0.14,0,26.79,23.62,76.95,-4.5713,-4.843,1.8,-0.45,-1.72,0.04,21269028.38,5.91,20210818,162.9,27.9,28.82,0
1003.57,28.82,0,0,27.67,23.79,74.31,-5.2248,-5.575,2.35,1.34,-1.79,0,23296129.16,6.47,20210819,162.9,27.9,26.81,21.55
1001.82,26.81,21.55,0,26.43,24.86,89.1,-2.9956,-2.789,2.48,0.3,1.14,0.33,11566505.4,3.21,20210820,162.9,27.9,26.62,0.06
1003.05,26.62,0.06,0,26.34,23.25,81.8,-4.204,-4.341,1.99,-0.12,-0.46,0.21,19628598,5.45,20210821,162.9,27.9,29.14,0.32
1000.38,29.14,0.32,0,28,25.96,83.03,-3.2971,-3.521,3.19,2.02,-2.23,0.09,14107112.56,3.92,20210822,162.9,27.9,26.71,12.49
999.07,26.71,12.49,0,26.92,24.45,87.43,-3.8621,-3.678,2.46,-0.4,2.14,0.38,14470478.32,4.02,20210823,162.9,27.9,23.09,34.31
1001.47,23.09,34.31,0,22.12,21.69,91.87,-1.2804,-0.898,1.62,0.68,1.15,0.01,4132940.15,1.15,20210824,162.9,27.9,27.2,0.05
1005.64,27.2,0.05,0,26.5,22.57,75.86,-4.777,-5.07,1.95,1.04,0.81,0.02,21851428.37,6.07,20210825,162.9,27.9,23.78,0.8
1009.02,23.78,0.8,0,23.84,20.38,81.24,-3.166,-3.269,2.49,-2.21,0.21,0.21,12010945.18,3.34,20210826,162.9,27.9,23.11,0.38
1010,23.11,0.38,0,22.83,21.16,88.77,-2.3798,-2.473,1.63,-1.52,0.08,0.53,10589149.26,2.94,20210827,162.9,27.9,25.98,0.33
1008.73,25.98,0.33,0,25.83,23.53,86.39,-2.4893,-2.659,1.53,-0.08,-0.97,0.33,12234573.95,3.4,20210828,162.9,27.9,27.71,0.92
1008.13,27.71,0.92,0,27.75,25.15,85.97,-2.9198,-3.155,2.59,1.01,-2.27,0.08,13842973.11,3.85,20210829,162.9,27.9,29.76,0.12
1007.51,29.76,0.12,0,28.77,25.81,79.38,-4.0493,-4.405,1.81,1.53,-0.73,0.02,18567677.23,5.16,20210830,162.9,27.9,30.34,0
1007.33,30.34,0,0,29.25,25.48,75.28,-5.2119,-5.707,2.28,-0.68,0.65,0.08,22250007.31,6.18,20210831,162.9,27.9,27.28,0.04
1007.48,27.28,0.04,0,27.55,24.42,84.4,-3.6289,-4.038,2.21,-1.89,0.95,0.38,16099435.97,4.47,20210901,75.8,23.8,25.16,0.55
1005.8,25.16,0.55,0,25.01,22.51,85.25,-2.5544,-2.867,1.99,-1.65,0.83,0.61,11093288.08,3.08,20210902,75.8,23.8,27.4,0.49
1004.15,27.4,0.49,0,26.78,23.82,80.84,-2.5903,-2.847,2.54,0.26,-2.48,0.38,10492417.04,2.91,20210903,75.8,23.8,28.33,0.59
1004.49,28.33,0.59,0,27.84,25.35,83.9,-3.4044,-3.918,3.34,1.27,-0.97,0.23,15404529.97,4.28,20210904,75.8,23.8,24.54,0
1009.31,24.54,0,0,25.1,21.55,83.44,-3.3698,-3.968,2.68,-2.07,1.59,0.57,15373380.14,4.27,20210905,75.8,23.8,24.21,0.01
1011.41,24.21,0.01,0,24.36,20.7,80.78,-3.4267,-4.135,3.49,-2.53,2.38,0.44,15065680.53,4.18,20210906,75.8,23.8,23.99,0.06
1010.68,23.99,0.06,0,23.22,20.43,80.47,-2.3751,-2.89,2.02,-1.82,0.74,0.68,10405426.31,2.89,20210907,75.8,23.8,25.78,0
1008.13,25.78,0,0,25.17,21.06,75.24,-3.4533,-4.075,1.37,0.73,-1.13,0.22,16771191.66,4.66,20210908,75.8,23.8,28.09,0.27
1007.14,28.09,0.27,0,25.79,22.4,71.28,-3.7955,-4.5,1.29,0.41,0,0.04,19510195.5,5.42,20210909,75.8,23.8,28.07,0
1006.78,28.07,0,0,27.04,21.98,69.56,-4.4657,-5.291,1.67,0.39,-1.39,0.01,22633283.49,6.29,20210910,75.8,23.8,28.52,0
1004.9,28.52,0,0,27.62,22.99,72.02,-4.2808,-5.429,3.23,-0.88,-3.04,0.04,22100006.65,6.14,20210911,75.8,23.8,27.07,0.04
1005.97,27.07,0.04,0,26.09,20.7,68.19,-4.0813,-5.545,4.47,-2.87,-3.23,0.19,19886269.65,5.52,20210912,75.8,23.8,26.21,0.71
1008.76,26.21,0.71,0,25,21.55,75.57,-2.795,-3.722,3.99,-3.67,-1,0.28,12429968.03,3.45,20210913,75.8,23.8,25.27,0
1012.13,25.27,0,0,24.17,18.38,65.64,-4.1909,-5.722,2.68,-2.64,-0.2,0,21106912.1,5.86,20210914,75.8,23.8,25.82,0
1010.52,25.82,0,0,25.05,19.81,69.46,-3.3863,-4.674,2.07,-1.73,-1.06,0.22,17971099.39,4.99,20210915,75.8,23.8,25.41,0
1008.38,25.41,0,0,24.37,18.59,65.93,-3.8411,-5.332,1.95,-1.57,-0.9,0.04,21620314.32,6.01,20210916,75.8,23.8,25.85,0
1009.64,25.85,0,0,25.14,19.23,66.89,-3.5795,-5.08,1.89,0.24,-1.83,0.05,19937330.18,5.54,20210917,75.8,23.8,26.93,0
1008.14,26.93,0,0,26.3,19.92,65.5,-3.7494,-5.829,3.9,1.28,-3.63,0,21213270.31,5.89,20210918,75.8,23.8,27.12,13.52
1003.66,27.12,13.52,0,27.12,21.61,71.86,-4.2936,-5.931,4.3,1.56,1.04,0.32,19552563.71,5.43,20210919,75.8,23.8,22.55,0.02
1005.26,22.55,0.02,0,21.55,17.86,74.81,-3.0656,-3.961,3.3,0.55,2.26,0.23,14428070.54,4.01,20210920,75.8,23.8,26.51,0
1004.6,26.51,0,0,24.74,19.97,67.33,-3.9527,-5.322,2.85,2.57,1.04,0,21182562.03,5.88,20210921,75.8,23.8,27.34,0
1008.35,27.34,0,0,25.5,20.17,64.92,-3.9063,-5.201,2.11,1.74,-1.05,0,21566336.87,5.99,20210922,75.8,23.8,28.82,0
1011.3,28.82,0,0,27.25,18.15,52.51,-4.4647,-6.477,3.46,1.4,-3.13,0,21624059.78,6.01,20210923,75.8,23.8,28.35,0
1010.61,28.35,0,0,27.96,20.19,61.3,-3.6332,-5.848,4.72,2.08,-4.19,0.01,17792310.56,4.94,20210924,75.8,23.8,27.82,0.37
1009.62,27.82,0.37,0,27.57,21.28,67.62,-3.0361,-5.081,4.16,1.64,-3.74,0,15712513.78,4.36,20210925,75.8,23.8,28.1,0.02
1009.41,28.1,0.02,0,28.51,22.83,73.1,-3.2478,-5.261,2.31,-0.47,-0.57,0.19,18889561.03,5.25,20210926,75.8,23.8,25.3,0.01
1009.6,25.3,0.01,0,25.46,21.14,77.77,-2.0195,-3.678,2.61,-2.33,0.45,0.53,12657089.14,3.52,20210927,75.8,23.8,25.88,15.36
1005.98,25.88,15.36,0,26.98,22.31,80.7,-2.8315,-4.14,2.33,-1,0.64,0.41,15738983.57,4.37,20210928,75.8,23.8,22.31,5.44
1007.59,22.31,5.44,0,22.08,19.87,86.11,-1.9985,-2.229,1.99,-1.79,-0.04,0.53,8375268.55,2.33,20210929,75.8,23.8,23.67,0.04
1006.65,23.67,0.04,0,23.1,18.55,73.02,-3.0296,-4.014,1.79,1.27,-1.2,0.09,18532314.42,5.15,20210930,75.8,23.8,25.54,0
1006.77,25.54,0,0,25.11,20.1,71.88,-3.1258,-4.289,1.49,1.05,-0.48,0,19839955.78,5.51,20211001,56.4,18.2,27.22,0
1007.02,27.22,0,0,26.08,20.39,66.26,-3.4274,-5.219,2.95,2.52,-1.47,0,19622124.33,5.45,20211002,56.4,18.2,29.82,0
1007.75,29.82,0,0,28.28,22.5,64.83,-3.6252,-6.126,3.89,3.57,-1,0,19218516.1,5.34,20211003,56.4,18.2,27.98,0
1010.98,27.98,0,0,26.65,20.93,65.56,-3.5408,-5.834,2.75,1.71,-1.3,0.01,19213209.85,5.34,20211004,56.4,18.2,23.82,0.2
1013.89,23.82,0.2,0,25.6,20.07,79.51,-2.7806,-4.741,2.8,-2.48,0.48,0.21,18228783.71,5.06,20211005,56.4,18.2,22.11,0.19
1012.46,22.11,0.19,0,24.12,17.67,75.91,-2.5444,-4.153,3.24,-2.48,1.29,0.5,15146080.87,4.21,20211006,56.4,18.2,17.64,2.55
1013.96,17.64,2.55,0,19.19,15.89,89.47,-1.1764,-1.252,4.29,-4,1.39,1,3505667.87,0.97,20211007,56.4,18.2,19.76,0.48
1013.75,19.76,0.48,0,21.36,18.22,90.82,-0.9341,-1.808,2.83,-2.72,0.54,0.79,6461626.16,1.79,20211008,56.4,18.2,22.74,7.35
1013.46,22.74,7.35,0,23.73,21.17,90.84,-1.3857,-1.505,2.8,-2.41,0.87,0.71,6008401.76,1.67,20211009,56.4,18.2,16.16,11.36
1018.87,16.16,11.36,0,15.84,14.94,92.49,-2.35,-0.622,5.46,-5.18,0.93,1,1975754.04,0.55,20211010,56.4,18.2,16.87,0
1020.25,16.87,0,0,16.52,11.31,69.74,-1.7205,-2.706,3.86,-3.6,-1.25,0.48,7999121.02,2.22,20211011,56.4,18.2,18.86,0
1019.19,18.86,0,0,18.7,11.69,63.1,-2.8043,-4.555,4.27,-3.77,-1.74,0.13,17531878.01,4.87,20211012,56.4,18.2,20.74,3.57
1016.35,20.74,3.57,0,21.38,17.02,79.25,-1.3505,-2.213,3.36,-3.23,-0.59,0.95,6769600.53,1.88,20211013,56.4,18.2,19.6,27.84
1015.28,19.6,27.84,0,19.79,19.22,97.63,-1.0777,-0.41,3.71,-3.26,1.54,1,2155953.36,0.6,20211014,56.4,18.2,16.53,10.12
1019.52,16.53,10.12,0,15.67,15.33,92.61,-1.6776,-0.595,5.04,-4.85,0.56,0.84,1560783.81,0.43,20211015,56.4,18.2,12.76,7.24
1029.23,12.76,7.24,0,11.91,9.32,79.58,-1.5982,-0.826,4.3,-3.78,-1.71,0.02,2060501.62,0.57,20211016,56.4,18.2,12.47,0.5
1025.44,12.47,0.5,0,12.87,6.43,66.63,-2.3175,-3.263,1.87,-0.37,-1.52,0.02,16906421.49,4.7,20211017,56.4,18.2,13.72,0.16
1019.51,13.72,0.16,0,13.8,9.46,75.44,-2.2199,-2.937,1.93,0.9,0.51,0.01,15386183.03,4.27,20211018,56.4,18.2,14.31,2.58
1022.12,14.31,2.58,0,14.59,10.1,75.78,-2.2633,-2.542,3.08,-2.19,-1.95,0,11227311.16,3.12,20211019,56.4,18.2,10.11,10.2
1021.68,10.11,10.2,0,9.53,8.88,92.05,-1.3427,-0.55,2.59,-2.28,-0.56,0.27,2678109.51,0.74,20211020,56.4,18.2,12.49,0.01
1022.65,12.49,0.01,0,13.13,9.11,79.85,-1.5813,-2.132,1.78,-1.53,0.71,0.55,11548683.3,3.21,20211021,56.4,18.2,12.95,0
1025.31,12.95,0,0,12.12,8.61,74.92,-2.0712,-2.913,2.28,-1.72,-1.02,0.09,15292599.75,4.25,20211022,56.4,18.2,14.92,0
1024.01,14.92,0,0,14.09,7.99,63.19,-2.5017,-3.571,2.21,-0.63,-1.95,0.01,17065969.03,4.74,20211023,56.4,18.2,15.75,0
1021.61,15.75,0,0,14.69,10.32,70.13,-2.0142,-2.763,0.97,-0.8,-0.32,0.09,15134358.41,4.2,20211024,56.4,18.2,15.39,0
1018.48,15.39,0,0,14.53,10.92,74.67,-1.7806,-2.5,1.84,0.68,-1.64,0.05,13305305.85,3.7,20211025,56.4,18.2,17.77,0.07
1017.86,17.77,0.07,0,17.3,12.67,72.07,-2.0288,-2.79,1.07,-0.58,-0.09,0.03,15343965,4.26,20211026,56.4,18.2,17.32,0.07
1019.85,17.32,0.07,0,16.29,12.17,71.73,-1.9384,-2.761,2,-0.9,-1.66,0.11,12611295.27,3.5,20211027,56.4,18.2,16.39,0.08
1020.71,16.39,0.08,0,14.84,11.41,72.37,-1.6764,-2.457,2.17,0.02,-2.08,0.04,12246220.91,3.4,20211028,56.4,18.2,17.21,0.01
1019.65,17.21,0.01,0,15.86,11.02,66.92,-2.044,-2.962,1.25,0.07,-1.09,0.01,15318929.6,4.26,20211029,56.4,18.2,17.06,0
1020.26,17.06,0,0,15.78,11.14,68.15,-2.0378,-2.893,1.75,0.88,-1.38,0,15767318.23,4.38,20211030,56.4,18.2,18.13,0
1021.01,18.13,0,0,16.67,11.42,64.85,-2.0484,-3.074,2.1,0.21,-1.99,0,14693313.58,4.08,20211031,56.4,18.2,18.68,0
1021.35,18.68,0,0,18.11,12.1,65.54,-2.1092,-3.345,3.03,-0.9,-2.83,0.04,14377035.1,3.99,20211101,55.8,11.5,16.18,0.23
1019.22,16.18,0.23,0,15.85,13.1,82,-1.0822,-1.794,2.51,0.55,-2.41,0.19,8379673.73,2.33,20211102,55.8,11.5,16.74,0.06
1015.85,16.74,0.06,0,15.85,12.78,77.49,-1.6461,-2.464,1.57,0.5,-1.35,0.07,14322932.97,3.98,20211103,55.8,11.5,18.27,14.86
1012.17,18.27,14.86,0,18.04,14.57,78.99,-1.6564,-2.499,2.11,0.15,-2.08,0.27,11956083.9,3.32,20211104,55.8,11.5,18.57,0.11
1009.39,18.57,0.11,0,18.68,16.62,88.45,-1.0066,-1.336,1.64,-1.24,-0.75,0.95,6009923.83,1.67,20211105,55.8,11.5,18.25,4.91
1012.69,18.25,4.91,0,18.07,16.33,88.6,-1.0779,-1.233,3.21,-0.97,-2.25,0.86,4862246.74,1.35,20211106,55.8,11.5,5.28,11.62
1023.21,5.28,11.62,0,4.63,1.96,79.15,-1.6059,-0.394,7,-4.68,5.11,0.59,919691.23,0.26,20211107,55.8,11.5,5.65,0
1023.49,5.65,0,0,5.64,-2.47,55.84,-1.8221,-2.895,3.13,-1.05,2.83,0,15593350.85,4.33,20211108,55.8,11.5,9.33,0
1018.57,9.33,0,0,8.75,-1.21,47.67,-1.9627,-3.135,3.9,-0.36,3.87,0,14699353.27,4.08,20211109,55.8,11.5,9.83,0
1017.27,9.83,0,0,8.23,0.46,52.03,-2.027,-3.258,3.11,-0.94,2.94,0,14735948.49,4.09,20211110,55.8,11.5,11.29,0
1019.83,11.29,0,0,10.02,3.11,57.1,-1.8045,-2.756,2.24,-0.94,1.75,0,14402123.42,4,20211111,55.8,11.5,11.67,0
1019.52,11.67,0,0,10.85,3.67,57.95,-1.6991,-2.559,2.12,0.35,1.84,0,13395857.48,3.72,20211112,55.8,11.5,11.41,0
1017.37,11.41,0,0,9.83,3.2,57.04,-1.8832,-2.949,2.62,1.48,2.04,0,14191911.65,3.94,20211113,55.8,11.5,13.15,0
1017.66,13.15,0,0,11.15,4.5,55.7,-1.675,-2.542,2.05,1.78,0.24,0,14186970.72,3.94,20211114,55.8,11.5,14.9,0.05
1017.42,14.9,0.05,0,13.48,6.53,57.23,-1.6313,-2.493,1.84,0.14,-1.46,0,13944928.19,3.87,20211115,55.8,11.5,14.67,0
1020.04,14.67,0,0,13.27,6.67,58.68,-1.7449,-2.86,2.34,-0.93,-2.12,0,13263057.41,3.68,20211116,55.8,11.5,13.65,0
1018.38,13.65,0,0,11.83,9.92,78.15,-1.0181,-1.765,1.53,-0.06,-1.29,0.01,10131279.56,2.81,20211117,55.8,11.5,13.25,0
1013.51,13.25,0,0,12.48,9.57,78.37,-1.1278,-1.995,2.45,1.96,-1.41,0.03,13186860.01,3.66,20211118,55.8,11.5,14.37,0
1013.1,14.37,0,0,13.41,10.45,77.31,-1.2292,-2.096,2.5,0.67,-2.07,0.01,13253436.1,3.68,20211119,55.8,11.5,16.05,6.32
1013.59,16.05,6.32,0,16.07,13.39,84.26,-1.1958,-1.676,2.67,-1.16,-0.02,0.53,10106099.74,2.81,20211120,55.8,11.5,11.07,1.65
1020.92,11.07,1.65,0,10.38,3.54,59.75,-1.2666,-1.13,4.93,-4.17,2.24,0.21,3900175.62,1.08,20211121,55.8,11.5,3.97,0
1025.98,3.97,0,0,3.19,-6.29,47.11,-1.5291,-2.714,2.84,-2.41,1.37,0,12023908.16,3.34,20211122,55.8,11.5,5.77,0
1022.44,5.77,0,0,5.28,-3.56,51.09,-1.3551,-2.235,2.08,1.73,0.78,0,13588956.13,3.77,20211123,55.8,11.5,8.99,0
1017.57,8.99,0,0,7.9,1.47,59.24,-1.3633,-2.385,2.77,2.62,0.74,0,13369832.28,3.71,20211124,55.8,11.5,9.93,0
1019.3,9.93,0,0,8.37,3.42,63.88,-1.1597,-1.937,1.23,-0.53,0.17,0,13046166.05,3.62,20211125,55.8,11.5,10.73,0
1025.56,10.73,0,0,9.37,2.91,58.42,-1.2513,-2.129,2.26,-1.36,-1.62,0,13005924.99,3.61,20211126,55.8,11.5,11.5,0
1026.73,11.5,0,0,10.78,5.72,67.62,-1.0995,-2.111,4.04,0.39,-3.97,0.02,12543973.8,3.48,20211127,55.8,11.5,11.54,0.14
1022.82,11.54,0.14,0,10.49,7.3,75.19,-1.0127,-1.913,1.76,-0.31,-0.87,0.05,12432637.34,3.45,20211128,55.8,11.5,12.03,0.08
1021.86,12.03,0.08,0,12.12,5.95,66.34,-1.2451,-2.057,4,-2.33,3.16,0.14,11628260.08,3.23,20211129,55.8,11.5,6.57,0
1026.61,6.57,0,0,5.59,-4.32,45.66,-1.39,-2.873,3.8,-3.1,1.61,0.01,12800165.95,3.56,20211130,55.8,11.5,4.06,0
1026.76,4.06,0,0,2.92,-6.97,44.44,-0.9714,-1.995,1.99,0.18,-0.66,0,12371126.77,3.44,20211201,36.7,5.2,7.48,0
1020.82,7.48,0,0,6.15,-3.41,45.9,-1.1494,-2.546,2.91,0.38,2.46,0,12823370.21,3.56,20211202,36.7,5.2,6.81,0
1023.43,6.81,0,0,5.11,-2.28,52.29,-1.0419,-2.348,2.23,-1.16,1.43,0,12777349.26,3.55,20211203,36.7,5.2,8.1,0
1024.32,8.1,0,0,6.45,-0.8,53.39,-0.9496,-1.992,2.12,0.36,-1.9,0,12361315.25,3.43,20211204,36.7,5.2,8.75,0
1022.32,8.75,0,0,6.2,1.06,58.46,-0.8136,-1.785,1.95,1.03,-1.48,0,12158185.67,3.38,20211205,36.7,5.2,9.75,0
1024.63,9.75,0,0,8.81,1.99,58.4,-0.9554,-2.018,2.22,-1.81,0.17,0,12405192.14,3.45,20211206,36.7,5.2,9.82,0
1027.32,9.82,0,0,10.25,4.44,69.16,-0.7315,-1.806,3.12,-1.22,-2.81,0.13,11386728.77,3.16,20211207,36.7,5.2,10.52,0.7
1024.82,10.52,0.7,0,9.31,5.93,73.18,-0.6942,-1.829,2.27,-0.32,-1.82,0.01,10816353.6,3,20211208,36.7,5.2,8.97,0
1023.81,8.97,0,0,7.97,4.96,75.94,-0.8066,-1.789,2.14,-1.45,0.48,0,11780738.33,3.27,20211209,36.7,5.2,11.07,0
1023.17,11.07,0,0,10.41,5.91,70.5,-0.8162,-1.917,2.78,-0.62,-2.65,0.01,11838255,3.29,20211210,36.7,5.2,10.01,6.3
1025.59,10.01,6.3,0,9.66,7.21,82.72,-0.6762,-0.734,3.01,-2.57,-1.04,0.47,3224985.75,0.9,20211211,36.7,5.2,6.66,0.73
1029.91,6.66,0.73,0,5.06,3.34,79.38,-0.7718,-0.756,2.34,-1.93,-0.94,0.34,4115377.36,1.14,20211212,36.7,5.2,6.04,0
1023.51,6.04,0,0,5.65,1.48,72.54,-0.795,-1.705,2.35,1.58,-1.61,0.01,11904957.23,3.31,20211213,36.7,5.2,8.92,0
1017.54,8.92,0,0,8.9,4.76,75.16,-0.7706,-1.658,1.81,1.45,-0.75,0.03,11678148.44,3.24,20211214,36.7,5.2,11.76,1.43
1016.37,11.76,1.43,0,10.71,8.49,80.39,-0.3981,-0.84,1.52,-0.16,-0.42,0.27,4207568.86,1.17,20211215,36.7,5.2,9.13,0.48
1022.75,9.13,0.48,0,7.95,5.56,78.33,-0.5942,-0.444,3.22,-2.48,1.84,0.21,2228809.09,0.62,20211216,36.7,5.2,3.24,0
1031.48,3.24,0,0,2.84,-6.1,50.33,-0.962,-2.238,3.17,-3.07,0.06,0,11981840.05,3.33,20211217,36.7,5.2,2.66,0
1027.24,2.66,0,0,1.88,-5.75,53.86,-0.7999,-1.799,2.34,0.87,2.03,0,12085658.5,3.36,20211218,36.7,5.2,7.19,0
1021.09,7.19,0,0,6.06,-2.39,50.56,-0.9425,-2.111,2.3,2.08,0.67,0,12152839.01,3.38,20211219,36.7,5.2,8.46,0
1016.2,8.46,0,0,7.04,0.15,55.84,-0.9488,-2.118,2.24,1.92,0.88,0,11659981.39,3.24,20211220,36.7,5.2,9.54,0
1016.9,9.54,0,0,7.05,2.05,59.49,-0.8378,-1.835,1.28,0.47,-0.27,0,12001507.54,3.33,20211221,36.7,5.2,8.96,0
1018.68,8.96,0,0,8.07,2.85,65.54,-0.7512,-1.669,1.73,0.19,-1.65,0,12133118.89,3.37,20211222,36.7,5.2,8.72,0
1016.59,8.72,0,0,8.09,4.17,73.11,-0.752,-1.788,2.85,-1.19,-1.26,0.1,12108045.28,3.36,20211223,36.7,5.2,2.33,0.92
1028.83,2.33,0.92,0.14,2.78,-0.65,80.61,-0.5984,-0.458,5.05,-4.68,-1.22,0.81,1718887.9,0.48,20211224,36.7,5.2,-1.88,0
1038.57,-1.88,0,0,-1.21,-9.63,55.4,-0.5987,-1.466,4.05,-3.74,-1.36,0.09,9870539.14,2.74,20211225,36.7,5.2,-2.36,0
1038.56,-2.36,0,0,-1.31,-13.43,42.34,-0.6686,-1.739,2.65,-2.56,0.55,0,11990907.07,3.33,20211226,36.7,5.2,-0.02,0
1031.81,-0.02,0,0,-0.4,-10.42,45.41,-0.6292,-1.495,1.39,0.67,-0.95,0,12356324.38,3.43,20211227,36.7,5.2,2.51,0
1024.5,2.51,0,0,2.07,-6.63,50.91,-0.6732,-1.693,2.08,1.19,0.63,0,10817517.49,3,20211228,36.7,5.2,3.15,0
1027.18,3.15,0,0,2.02,-6.57,48.84,-0.7924,-2.21,3.14,-1.53,2.57,0,12497833.24,3.47,20211229,36.7,5.2,2.94,0
1029.33,2.94,0,0,1.65,-6.47,49.98,-0.7302,-1.786,1.23,-0.78,0.14,0,12519977.82,3.48,20211230,36.7,5.2,6.18,0
1027.57,6.18,0,0,4.35,-4.94,44.76,-0.6816,-1.828,2.56,0.29,-2.48,0,11030101.92,3.06,20211231,36.7,5.2,4.76,0
1024.81,4.76,0,0,2.95,-2.91,57.53,-0.6412,-1.629,1.5,-0.09,0.6,0,11188715.86,3.11,20220101,46.4,3.2,4.84,0
1024.41,4.84,0,0,4.37,-1.69,62.6,-0.6756,-1.813,2.25,0.05,-2.12,0,12569383.87,3.49,20220102,46.4,3.2,6.75,0.01
1022.02,6.75,0.01,0,6.23,0.53,64.51,-0.7303,-1.758,1.94,-0.33,-1.69,0,12489944.73,3.47,20220103,46.4,3.2,7.12,16.78
1020.17,7.12,16.78,0,7.56,4.18,81.55,-0.841,-0.909,3.65,-1.92,-2.76,0.6,4713920.14,1.31,20220104,46.4,3.2,4.7,0.58
1024.62,4.7,0.58,0,4.4,3.45,91.59,-0.4294,-0.244,3.37,-3.04,-1.18,1,1425362.35,0.4,20220105,46.4,3.2,4.97,0
1029.19,4.97,0,0,5.15,0.78,74.29,-0.5727,-1.248,3,-1.65,-2.47,0.85,6762660.91,1.88,20220106,46.4,3.2,4.39,0
1027.08,4.39,0,0,5.76,0.18,74.08,-0.5743,-1.273,1.71,-1.04,-1,0.86,7674832.67,2.13,20220107,46.4,3.2,5.53,1.08
1023.31,5.53,1.08,0,6.28,1.31,74.22,-0.6823,-1.316,1.16,-1.01,-0.27,0.41,7880948.38,2.19,20220108,46.4,3.2,5.46,0
1020.68,5.46,0,0,6.71,2.34,80.35,-0.6761,-1.21,0.95,0.13,-0.61,0.74,8263748.97,2.3,20220109,46.4,3.2,5.66,0.09
1022.82,5.66,0.09,0,6.13,2.24,78.61,-0.5292,-1.095,2.68,-2.25,1.01,0.79,5796542.12,1.61,20220110,46.4,3.2,2.95,0
1024.2,2.95,0,0,3.04,-0.51,77.97,-0.3885,-0.855,1.49,0.44,-0.72,0.47,6232943.53,1.73,20220111,46.4,3.2,4.53,0
1022.97,4.53,0,0,4.57,-0.49,69.82,-0.8812,-1.794,3.01,-1.2,0.93,0.02,13124849.21,3.65,20220112,46.4,3.2,0.77,0
1026.82,0.77,0,0,0.55,-7.17,55.29,-0.8678,-1.898,2.44,-1.23,-1.37,0.01,13566457.77,3.77,20220113,46.4,3.2,2.28,0
1021.1,2.28,0,0,0.96,-3.33,66.4,-0.4489,-1.066,2.24,1.5,-0.42,0.06,6691223.73,1.86,20220114,46.4,3.2,6.24,0
1022.03,6.24,0,0,5.17,0.49,66.63,-0.7826,-1.674,1.56,0.1,-0.63,0,13075126.32,3.63,20220115,46.4,3.2,6.71,0
1024.53,6.71,0,0,6.64,1.88,71.24,-0.7634,-1.716,2.3,-0.18,-2.22,0,12314934.62,3.42,20220116,46.4,3.2,6.07,0
1025.62,6.07,0,0,6.22,2.41,77.38,-0.8089,-1.748,2.12,-1.38,-1.37,0.06,12892692.36,3.58,20220117,46.4,3.2,5.39,0
1021.49,5.39,0,0,5.22,2.46,81.41,-0.7298,-1.575,1.74,0.74,-1.18,0.09,13436369.24,3.73,20220118,46.4,3.2,7.36,0.01
1022.61,7.36,0.01,0,8.06,3.35,75.67,-0.8566,-1.766,2.86,-1.71,-1.47,0.46,11894445.73,3.3,20220119,46.4,3.2,5.05,0.19
1024.73,5.05,0.19,0,5.45,-0.19,68.86,-0.7073,-1.515,4.77,-1.1,-4.6,0.47,8692455.22,2.41,20220120,46.4,3.2,6.03,0.45
1020.64,6.03,0.45,0,6.16,1.44,72.36,-0.6792,-1.336,3.44,-0.18,-3.42,0.94,7372740.08,2.05,20220121,46.4,3.2,6.51,12
1016.46,6.51,12,0,6.35,5.68,94.38,-0.6058,-0.227,2.89,-2.27,-1.33,1,1603249.65,0.45,20220122,46.4,3.2,5.08,14.58
1019.36,5.08,14.58,0.01,4.47,4.41,95.41,-0.8831,-0.175,4.16,-3.89,-1.36,1,1124022.37,0.31,20220123,46.4,3.2,2.83,1.96
1021.63,2.83,1.96,0.13,2.47,1.98,94.15,-0.6879,-0.353,2.02,-1.92,-0.48,0.91,2730405.82,0.76,20220124,46.4,3.2,4.71,3.12
1021.64,4.71,3.12,0,4.87,2.66,86.58,-0.7609,-0.947,1.63,-1.24,-0.95,0.73,7029765.25,1.95,20220125,46.4,3.2,2.82,13.68
1022.42,2.82,13.68,1.75,2.48,2.08,94.87,-0.7094,-0.225,3.53,-2.39,-2.41,0.99,1884511.89,0.52,20220126,46.4,3.2,3.19,4.74
1025.83,3.19,4.74,0,2.93,1.59,89.27,-1.0352,-0.443,3.76,-2.96,-2.2,0.88,3142897.24,0.87,20220127,46.4,3.2,1.94,2.77
1025.14,1.94,2.77,0.81,2.34,-0.63,83.01,-0.9278,-0.689,3.16,-2.38,-1.74,0.45,4122067.87,1.15,20220128,46.4,3.2,1.06,0.83
1022.78,1.06,0.83,0.26,1.26,-1.78,81.34,-0.5829,-0.939,1.83,-1.32,-0.44,0.22,6694102.04,1.86,20220129,46.4,3.2,2.13,0
1024.68,2.13,0,0,2.84,-2.01,74.05,-1.0464,-1.682,1.47,0.73,0.4,0.23,13691848.83,3.8,20220130,46.4,3.2,4.48,0
1025.02,4.48,0,0,4.13,-0.56,69.76,-0.8034,-1.397,1.62,-0.69,0,0.39,9411956.77,2.61,20220131,46.4,3.2,4.67,0.53
1027.43,4.67,0.53,0.48,4.61,-6.13,45.41,-1.4181,-2.585,3.29,-1.59,-2.86,0,13190356.01,3.66,20220201,46.4,3.2,2.37,0.82
1026.71,2.37,0.82,0.03,2.05,-1.31,76.63,-0.815,-1.264,2.03,-0.69,-1.73,0.48,8961121.14,2.49,20220202,53.1,5.9,1.67,0.78
1025.53,1.67,0.78,0.02,1.05,-0.3,86.72,-0.7039,-0.765,1.82,-0.17,-0.87,0.58,6793632.45,1.89,20220203,53.1,5.9,2.12,0
1027.53,2.12,0,0,1.84,-0.62,82.06,-0.7841,-1.184,1.52,-0.18,0.5,0.4,11192725.46,3.11,20220204,53.1,5.9,3.41,0
1030.05,3.41,0,0,2.94,-5.71,51.22,-1.1914,-2.099,2.99,-1.1,-2.75,0.03,14392375.26,4,20220205,53.1,5.9,2.99,11.31
1026.27,2.99,11.31,10.83,3.37,-5.16,55,-1.0078,-1.685,3.6,-0.87,-3.38,0.26,8478714.9,2.36,20220206,53.1,5.9,1.02,7.96
1025.01,1.02,7.96,7.36,0.27,0.22,94.4,-0.3679,-0.38,3.54,-3.09,-1.22,0.98,3461503.32,0.96,20220207,53.1,5.9,2.49,1.09
1025.9,2.49,1.09,0.04,2.66,0.61,87.37,-0.522,-0.803,1.78,-1.25,-1.05,0.93,6036890.85,1.68,20220208,53.1,5.9,2.66,1.91
1022.49,2.66,1.91,0,2.18,1.71,93.43,-0.6738,-0.422,1.23,0.41,-0.48,0.83,4118293.12,1.14,20220209,53.1,5.9,4.68,0.15
1021.24,4.68,0.15,0,5.08,1.48,79.75,-0.7672,-1.188,2.13,-0.16,-1.91,0.67,8532522.65,2.37,20220210,53.1,5.9,4.47,6.1
1021.1,4.47,6.1,0,3.9,3.12,90.94,-0.7818,-0.357,3.11,-1.27,-2.74,0.97,2696001.71,0.75,20220211,53.1,5.9,5.33,1.3
1020.49,5.33,1.3,0,4.71,3.84,90.09,-0.5531,-0.423,1.92,-1.38,-0.93,0.98,3093354.54,0.86,20220212,53.1,5.9,5.71,0.01
1020.28,5.71,0.01,0,5.65,2.82,81.65,-0.7158,-1.047,1.33,-0.08,0.18,0.78,7211405.73,2,20220213,53.1,5.9,6.55,0.01
1022.1,6.55,0.01,0,7.09,2.54,75.52,-0.9385,-1.56,1.2,-0.93,-0.47,0.81,10304387.96,2.86,20220214,53.1,5.9,5.5,0.03
1021.47,5.5,0.03,0,5.74,2.93,83.53,-0.5515,-0.983,2.41,-0.24,-2.32,0.79,6908109.07,1.92,20220215,53.1,5.9,5.34,2.57
1021.79,5.34,2.57,1.39,5.84,0.55,71.22,-1.2083,-1.565,5.03,-1.61,-4.72,0.82,8685280.08,2.41,20220216,53.1,5.9,1.16,5.93
1024.15,1.16,5.93,5.71,1.52,-1.39,83.05,-0.6692,-0.756,5.32,-1.67,-5.03,0.92,3889847.64,1.08,20220217,53.1,5.9,2.4,3.58
1025,2.4,3.58,0.01,2.54,1.2,91.75,-0.9475,-0.617,3.77,-2.63,-1.99,0.98,4622911.26,1.28,20220218,53.1,5.9,1.11,0.05
1030.29,1.11,0.05,0.01,0.67,-3.83,69.54,-0.784,-1.221,3.18,-3.04,-0.12,0.49,7210599.71,2,20220219,53.1,5.9,1.51,0
1029.8,1.51,0,0,1.38,-7.89,49.6,-1.3232,-2.139,1.94,1.45,-0.85,0,15203991.36,4.22,20220220,53.1,5.9,3.63,0
1028.88,3.63,0,0,3.17,-5.94,49.55,-1.3649,-2.204,1.53,1.12,-0.34,0,14015824.01,3.89,20220221,53.1,5.9,5.55,0.54
1030.68,5.55,0.54,0,5.44,-1.21,61.72,-1.0391,-1.621,1.58,0.54,-0.97,0.02,9899125.32,2.75,20220222,53.1,5.9,3.86,0.13
1031.31,3.86,0.13,0,2.85,-0.49,73.22,-1.0379,-1.515,2.3,1.11,-1.77,0.17,12243199.91,3.4,20220223,53.1,5.9,5.07,0
1027.86,5.07,0,0,4.54,-2.2,59.35,-1.5956,-2.563,2.28,1.29,-1.83,0,18719565.87,5.2,20220224,53.1,5.9,7.09,0
1021.95,7.09,0,0,6.5,-1.15,55.78,-1.7861,-2.822,2.09,1.55,-0.36,0,19193811.4,5.33,20220225,53.1,5.9,9.82,0
1020.7,9.82,0,0,8.31,0.96,54.02,-1.9939,-3.232,2.74,-0.8,0.26,0,18991375.3,5.28,20220226,53.1,5.9,11.63,0.2
1016.51,11.63,0.2,0,10.39,1.69,50.45,-1.9607,-3.236,2.73,0.76,-2.53,0,19590656.92,5.44,20220227,53.1,5.9,15.45,0.88
1013.54,15.45,0.88,0,14.69,8.17,61.84,-1.8811,-2.619,2.56,-0.34,1.53,0.17,14192111.11,3.94,20220228,53.1,5.9,10.34,0
1019.62,10.34,0,0,9.13,0.6,50.83,-1.8313,-3.304,3.14,-2.6,0.92,0,15258603.88,4.24,20220301,53.1,5.9,11.96,0.41
1016.74,11.96,0.41,0,10.75,2.32,51.66,-2.1506,-3.511,2.18,2.01,-0.47,0,19715977.08,5.48,20220302,66.6,10.9,15.19,2.56
1012.71,15.19,2.56,0,14.18,6.08,54.49,-2.3084,-3.574,1.69,0.8,-0.38,0,19422262.53,5.4,20220303,66.6,10.9,15.17,0
1012.47,15.17,0,0,12.73,6.4,55.77,-2.5554,-3.984,2.79,-0.93,2.28,0,19609899.91,5.45,20220304,66.6,10.9,12.74,0
1017.65,12.74,0,0,12.53,-0.51,40,-2.3587,-4.263,4.3,-0.84,-4.13,0,19624449.12,5.45,20220305,66.6,10.9,10.1,0.32
1019.43,10.1,0.32,0,9.55,0.09,49.81,-1.3691,-2.762,3.19,0.63,-2.85,0,10677167.22,2.97,20220306,66.6,10.9,12.2,0
1017.46,12.2,0,0,11.56,5.09,61.81,-1.9042,-3.458,2.68,2.58,0.22,0,19894996.32,5.53,20220307,66.6,10.9,14.74,0
1013.93,14.74,0,0,12.97,5.78,54.91,-2.1729,-4.044,3.19,2.58,-1.14,0,20637531.98,5.73,20220308,66.6,10.9,16.14,0
1013.24,16.14,0,0,14.53,6.16,51.57,-2.3524,-4.391,3.06,1.53,-2.55,0,20586931.39,5.72,20220309,66.6,10.9,18.85,0.46
1009.9,18.85,0.46,0,17.82,9.79,55.63,-2.5046,-4.245,1.96,1.08,-1.1,0,20447473.51,5.68,20220310,66.6,10.9,20.36,0
1009.98,20.36,0,0,19.46,11.86,58.12,-2.5371,-4.444,2.61,0.7,-2.44,0,20072001.41,5.58,20220311,66.6,10.9,22.09,3.06
1006.05,22.09,3.06,0,20.81,14.01,60.15,-2.4612,-4.825,2.97,1.81,0.46,0.01,18578512.94,5.16,20220312,66.6,10.9,21.42,0.21
1007.05,21.42,0.21,0,21.48,17.25,77.14,-1.8693,-3.106,1.84,0.64,-1.2,0.13,15753808.05,4.38,20220313,66.6,10.9,17.52,5.15
1011.69,17.52,5.15,0,17.25,10.93,65.27,-1.5968,-2.362,3.75,-1.3,-2.01,0.12,9601189.98,2.67,20220314,66.6,10.9,20.06,0
1007.24,20.06,0,0,19.45,14.37,69.76,-2.1278,-3.823,2.23,1.07,-1.71,0.03,20352369.19,5.65,20220315,66.6,10.9,20.03,34.96
1005.81,20.03,34.96,0,20.53,14.65,71.16,-3.4746,-4.409,4.92,-1.02,-3.65,0.21,18380514.28,5.11,20220316,66.6,10.9,7.31,20.45
1012.98,7.31,20.45,0,7.76,5.02,85.34,-1.2812,-0.559,5.08,-4.83,-0.43,1,1573591.86,0.44,20220317,66.6,10.9,10.43,0
1009.93,10.43,0,0,12.27,6.23,75.22,-2.0028,-2.833,1.76,0.16,0.12,0.52,16403357.65,4.56,20220318,66.6,10.9,9.66,6.17
1013.94,9.66,6.17,0,10.82,4.58,70.56,-2.1147,-2.474,4.48,-2.78,-3.31,0.8,10808768.33,3,20220319,66.6,10.9,5.75,41.26
1016.96,5.75,41.26,0,5.77,4.67,92.73,-1.456,-0.313,4.32,-1.69,-3.86,0.83,1476135.4,0.41,20220320,66.6,10.9,6.32,35.08
1018.55,6.32,35.08,0,5.72,5.23,92.72,-1.2584,-0.197,5.25,-2.98,-4.26,0.99,982848.39,0.27,20220321,66.6,10.9,7.07,4.45
1020.82,7.07,4.45,0,6.47,5.06,87.06,-1.2305,-0.818,2.31,-0.91,-0.53,0.23,5680725.5,1.58,20220322,66.6,10.9,10.08,0
1015.3,10.08,0,0,10.63,6.14,76.5,-2.0743,-2.716,2.77,2.58,-0.55,0.23,17704329.84,4.92,20220323,66.6,10.9,14.82,27.43
1006.41,14.82,27.43,0,15.54,11.05,78.11,-2.8784,-3.783,4.4,3.88,-1.83,0.25,21411022.03,5.95,20220324,66.6,10.9,13.52,4.79
1006.08,13.52,4.79,0,12.68,11.97,90.36,-0.8405,-0.365,4.58,-1.7,3.24,0.94,2332019.6,0.65,20220325,66.6,10.9,13.39,0
1015.49,13.39,0,0,12.91,7.39,67.01,-2.3613,-3.127,2,-1.2,1.16,0.02,16452035.28,4.57,20220326,66.6,10.9,13.88,0
1018.7,13.88,0,0,13.57,6.03,59.08,-2.6972,-3.641,3.6,-1.48,-2.2,0.32,16590412.91,4.61,20220327,66.6,10.9,14.05,0
1018.44,14.05,0,0,13.36,8.53,69.34,-2.3085,-3.147,3.86,1.86,-3.29,0.19,17292625.12,4.8,20220328,66.6,10.9,16.62,0
1013.69,16.62,0,0,15.54,10.68,67.94,-3.1385,-4.277,3.54,2.83,-0.64,0,22980938.02,6.38,20220329,66.6,10.9,17.67,4.25
1018.34,17.67,4.25,0,17.51,12.9,73.64,-2.9399,-3.267,3.38,-2.49,-1.35,0.09,15179469.81,4.22,20220330,66.6,10.9,11.33,0.86
1028.24,11.33,0.86,0,10.4,6.35,71.4,-1.4742,-1.546,3.08,-2.34,-1.94,0.13,6706009.59,1.86,20220331,66.6,10.9,9.2,0
